time(s),lattitude,longitude,altitude
1731065623,55.3673515,10.4317339,123.65036094730728
1731065623,55.3673518,10.4317314,123.45936481492036
1731065623,55.3673523,10.4317293,123.27536775556793
1731065623,55.3673529,10.4317268,122.9903712504176
1731065624,55.3673534,10.4317249,122.8103738518292
1731065624,55.3673536,10.4317233,122.80437631715155
1731065624,55.3673539,10.4317214,122.76837916706198
1731065624,55.3673542,10.4317197,122.63438167774211
1731065624,55.3673547,10.4317177,122.4543844487571
1731065625,55.367355,10.4317166,122.35738594175088
1731065625,55.3673552,10.4317152,122.2993880678366
1731065625,55.3673554,10.4317143,122.2503893458536
1731065625,55.3673557,10.4317127,122.05439168691142
1731065625,55.367356,10.4317112,121.90339385835404
1731065626,55.3673566,10.4317091,121.59139667471631
1731065626,55.367357,10.4317076,121.32139872190214
1731065626,55.3673578,10.4317055,121.03140128975222
1731065626,55.3673586,10.4317036,120.9834035183721
1731065626,55.3673597,10.4317006,120.4954072399667
1731065627,55.3673614,10.4316986,120.23240851990296
1731065627,55.3673627,10.431696,119.95141131452033
1731065627,55.3673638,10.4316941,119.89741317035228
1731065627,55.3673653,10.4316913,119.43241605566607
1731065627,55.367368,10.4316887,119.28841711066754
1731065628,55.3673703,10.4316847,118.8014210372364
1731065628,55.3673719,10.4316819,118.65542379824446
1731065628,55.3673737,10.4316773,118.30042936373069
1731065628,55.3673755,10.4316735,117.9644335723041
1731065628,55.3673778,10.431669,117.17643834683673
1731065629,55.3673794,10.4316658,116.68144178622391
1731065629,55.3673809,10.4316617,116.07444687635409
1731065629,55.3673829,10.4316568,115.41645270204259
1731065629,55.3673852,10.4316519,114.83645815491737
1731065629,55.3673868,10.4316489,114.2714612550148
1731065630,55.3673891,10.4316467,113.82546212837377
1731065630,55.3673901,10.4316443,113.2274649563689
1731065630,55.3673915,10.4316419,112.78146728729892
1731065630,55.3673942,10.431638,112.11147054691028
1731065630,55.367395,10.4316358,111.78447328419028
1731065631,55.3673958,10.4316324,111.23847805677543
1731065631,55.3673971,10.4316297,110.96348102075649
1731065631,55.3673992,10.4316256,110.45648536511328
1731065631,55.3674012,10.4316218,110.4894893248884
1731065631,55.3674023,10.4316189,109.93449287658376
1731065632,55.3674041,10.4316154,109.4384965760375
1731065632,55.3674054,10.4316119,108.7485008968213
1731065632,55.3674074,10.4316084,108.0895043477027
1731065632,55.3674091,10.4316044,107.76550901941417
1731065632,55.3674105,10.4316017,107.16951185902441
1731065633,55.3674136,10.4315951,106.09351920068204
1731065633,55.3674149,10.4315911,106.1205243694197
1731065633,55.3674172,10.4315874,105.32552778659038
1731065633,55.3674188,10.4315837,105.0415320736544
1731065633,55.3674217,10.4315795,105.65353559316145
1731065634,55.3674232,10.4315784,104.48253559470022
1731065634,55.3674263,10.4315728,104.8705412400813
1731065634,55.3674307,10.4315642,102.71055035796643
1731065634,55.3674357,10.4315538,100.30656178295683
1731065634,55.3674386,10.4315485,99.81156716787923
1731065635,55.3674401,10.4315468,98.6635681869393
1731065635,55.3674411,10.4315452,98.61956965779544
1731065635,55.3674412,10.4315457,98.31156868549043
1731065635,55.3674445,10.4315399,98.04357442122397
1731065635,55.3674474,10.4315372,97.7305753963106
1731065636,55.3674502,10.4315349,97.23657581723074
1731065636,55.367454,10.4315323,97.22057550406299
1731065636,55.3674569,10.4315301,96.85657563101458
1731065636,55.3674591,10.4315285,96.16957561033121
1731065636,55.3674604,10.4315238,95.33858196595904
1731065637,55.3674646,10.4315212,95.26258115546705
1731065637,55.3674673,10.4315184,94.85058254849835
1731065637,55.3674709,10.4315135,93.93258638453412
1731065637,55.3674735,10.4315125,93.68958484892323
1731065637,55.3674759,10.43151,93.14658610592952
1731065638,55.3674785,10.4315058,92.48058999757603
1731065638,55.367481,10.4315013,91.62559452229644
1731065638,55.3674829,10.4315001,91.3455941958753
1731065638,55.3674844,10.4314982,91.64159555385629
1731065638,55.3674862,10.4314972,90.97759501250208
1731065639,55.3674882,10.4314959,90.78059473134314
1731065639,55.3674898,10.4314967,90.65359138570705
1731065639,55.3674917,10.4314959,90.2385903808046
1731065639,55.3674936,10.4314952,90.06358920628395
1731065639,55.3674954,10.4314933,90.18559019129046
1731065640,55.3674977,10.4314901,90.80659275960238
1731065640,55.3674992,10.4314901,89.58059089503394
1731065640,55.3675013,10.4314886,89.24059082866877
1731065640,55.3675035,10.4314866,88.62759148599419
1731065640,55.3675058,10.4314848,88.32559167978587
1731065641,55.3675075,10.4314828,88.07159295861169
1731065641,55.367509,10.4314813,88.43559363802817
1731065641,55.3675112,10.4314812,88.33259107282723
1731065641,55.3675128,10.4314792,88.07659247592557
1731065641,55.367515,10.4314779,88.02559194592571
1731065642,55.3675163,10.4314765,88.00559270431665
1731065642,55.3675176,10.4314747,88.59859414111162
1731065642,55.3675186,10.4314749,88.0185925587812
1731065642,55.3675202,10.4314745,87.846591248184
1731065642,55.3675221,10.4314712,87.60559448311653
1731065643,55.3675227,10.4314666,87.26760153895094
1731065643,55.3675267,10.4314626,87.34160335044963
1731065643,55.367528,10.4314608,86.52260478718344
1731065643,55.3675301,10.4314597,86.3526040421594
1731065643,55.367532,10.4314588,86.2706032065484
1731065644,55.3675342,10.4314559,85.70360539001099
1731065644,55.3675354,10.4314577,85.91460084534293
1731065644,55.367538,10.4314537,85.28460439711947
1731065644,55.3675397,10.4314506,84.737607541335
1731065644,55.3675415,10.4314444,83.91761581886766
1731065645,55.3675435,10.4314423,83.6196168940665
1731065645,55.3675456,10.4314396,83.73761886253419
1731065645,55.3675469,10.4314387,83.17161877274594
1731065645,55.3675483,10.4314363,83.51562110264734
1731065645,55.3675501,10.4314339,84.83762293524083
1731065646,55.3675513,10.4314346,83.38462025613325
1731065646,55.3675537,10.4314324,82.94762100354633
1731065646,55.3675541,10.4314309,85.50362305025996
1731065646,55.3675545,10.4314325,83.53661983933463
1731065646,55.3675567,10.4314299,83.27362151377582
1731065647,55.3675583,10.4314302,83.22361901572916
1731065647,55.3675606,10.4314296,83.01761717378108
1731065647,55.3675626,10.4314273,82.87861858802378
1731065647,55.3675654,10.431422,82.02362409563759
1731065647,55.3675671,10.431421,81.88162367801883
1731065648,55.3675694,10.4314192,81.77562387120263
1731065648,55.3675711,10.4314164,81.91162650637284
1731065648,55.3675725,10.4314158,81.60862578331184
1731065648,55.3675742,10.4314134,81.48762774005533
1731065648,55.3675754,10.4314116,81.61162930085527
1731065649,55.3675775,10.4314096,81.61763008183195
1731065649,55.3675797,10.4314082,81.55762972085003
1731065649,55.3675805,10.4314068,81.60163110056624
1731065649,55.367582,10.431406,81.54963059231589
1731065649,55.3675833,10.4314044,81.62263168953652
1731065650,55.3675844,10.4314033,81.54563218742388
1731065650,55.3675854,10.431403,81.5396314528409
1731065650,55.3675872,10.4314021,81.40663074114293
1731065650,55.3675889,10.4314017,81.39962930576903
1731065650,55.3675909,10.4314021,81.59362614055462
1731065651,55.3675924,10.4314017,81.27462495383719
1731065651,55.3675946,10.4313997,81.30762561032518
1731065651,55.367597,10.4313992,81.00462347409524
1731065651,55.3675987,10.4313988,80.87162203865135
1731065651,55.3676006,10.4313967,80.36862323771908
1731065652,55.3676036,10.4313957,81.34662120335649
1731065652,55.3676056,10.4313949,81.47762007322841
1731065652,55.3676072,10.4313948,79.95661825326917
1731065652,55.367609,10.4313952,79.21361533659649
1731065652,55.3676124,10.4313924,79.36361585754693
1731065653,55.3676135,10.4313916,79.48761584650202
1731065653,55.3676164,10.4313901,80.14861478433556
1731065653,55.3676179,10.4313886,80.00961546307059
1731065653,55.3676201,10.4313881,78.96161357531525
1731065653,55.3676231,10.4313858,77.92161374552384
1731065654,55.3676246,10.431385,79.0276132370108
1731065654,55.3676257,10.4313856,78.1406108514962
1731065654,55.3676272,10.4313858,77.4516086469556
1731065654,55.3676283,10.431385,77.2126086358441
1731065654,55.3676315,10.4313818,77.56161008364661
1731065655,55.3676343,10.4313787,80.19261185924138
1731065655,55.3676363,10.4313766,79.75861293367318
1731065655,55.3676382,10.431378,80.18860819641455
1731065655,55.3676404,10.4313817,80.78259918521869
1731065655,55.3676435,10.4313802,81.61959787400454
1731065656,55.3676458,10.4313812,82.4015933176243
1731065656,55.367648,10.4313838,83.81958617195178
1731065656,55.3676501,10.4313841,84.45658305146495
1731065656,55.3676517,10.4313872,83.80557580392762
1731065656,55.367654,10.4313851,83.92157650512567
1731065657,55.3676557,10.4313867,82.59757167722309
1731065657,55.3676583,10.4313855,83.26057047885172
1731065657,55.3676605,10.4313832,82.27957164356468
1731065657,55.3676636,10.4313806,83.51557219771851
1731065657,55.3676657,10.4313813,83.14456839867877
1731065658,55.3676681,10.4313796,82.61456829696182
1731065658,55.3676708,10.431379,82.79856595646675
1731065658,55.3676742,10.4313775,81.31856427173156
1731065658,55.3676769,10.4313765,81.38956260957892
1731065658,55.3676799,10.4313749,82.05456159187679
1731065659,55.367682,10.4313738,82.1155608455427
1731065659,55.3676852,10.4313717,82.19956042702998
1731065659,55.3676869,10.4313705,82.12956034778045
1731065659,55.3676891,10.4313694,82.28155947700346
1731065659,55.3676915,10.4313695,82.16855632220405
1731065660,55.367694,10.4313685,81.68955490862808
1731065660,55.3676963,10.4313677,81.60155340459167
1731065660,55.3676986,10.431368,81.41155003489843
1731065660,55.3677013,10.4313668,81.17154871167921
1731065660,55.3677042,10.4313646,81.43454883568427
1731065661,55.3677063,10.4313638,81.52854758033044
1731065661,55.3677083,10.4313628,81.52154678855572
1731065661,55.3677108,10.4313609,81.42954690123543
1731065661,55.367713,10.4313594,81.38354670865466
1731065661,55.3677153,10.4313585,81.25754537404102
1731065662,55.3677173,10.4313585,81.37554288615917
1731065662,55.3677192,10.4313583,81.23554086186198
1731065662,55.3677218,10.4313569,81.32654000201694
1731065662,55.3677231,10.4313572,81.646537876049
1731065662,55.3677252,10.4313562,81.6495369597379
1731065663,55.3677273,10.4313561,81.91053451697607
1731065663,55.3677284,10.4313558,81.95653365739756
1731065663,55.3677289,10.431358,82.61852930411717
1731065663,55.3677304,10.4313566,82.64452981257263
1731065663,55.3677313,10.4313541,82.5875329330637
1731065664,55.3677321,10.4313516,82.62553617794933
1731065664,55.3677338,10.4313463,82.10454305211181
1731065664,55.367735,10.4313436,82.02654613857959
1731065664,55.3677369,10.4313392,81.99355123747236
1731065664,55.3677377,10.4313357,82.27855617834811
1731065665,55.367739,10.4313303,82.50756371964444
1731065665,55.3677397,10.4313271,82.21456827609265
1731065665,55.3677402,10.4313235,82.69457375974602
1731065665,55.3677413,10.4313177,82.72458222820333
1731065665,55.3677409,10.4313146,82.66658798345364
1731065666,55.3677415,10.4313099,82.91359520828092
1731065666,55.3677424,10.4313036,82.66460477348983
1731065666,55.3677427,10.4312997,82.19861101468852
1731065666,55.3677422,10.4312971,81.80961604630056
1731065666,55.3677436,10.431289,83.12762804222648
1731065667,55.3677434,10.4312855,82.29963422700133
1731065667,55.3677434,10.4312802,82.18364321573702
1731065667,55.3677441,10.4312738,82.13565319921568
1731065667,55.3677437,10.4312712,82.02065810637257
1731065667,55.3677436,10.4312658,81.80766738904995
1731065668,55.3677441,10.4312625,81.89367236375458
1731065668,55.3677437,10.4312589,82.33167896685674
1731065668,55.3677444,10.4312533,83.6126875934653
1731065668,55.3677451,10.4312505,83.13669147135576
1731065668,55.367745,10.4312469,82.66269770122183
1731065669,55.3677451,10.4312412,82.51270724378574
1731065669,55.3677443,10.4312385,80.62771281807282
1731065669,55.3677439,10.4312327,81.12572315219543
1731065669,55.3677437,10.4312274,81.39173238951702
1731065669,55.3677441,10.4312231,80.58273918447574
1731065670,55.3677439,10.4312192,80.56174604744389
1731065670,55.3677441,10.4312143,81.44875410873756
1731065670,55.3677434,10.431209,81.93776396797804
1731065670,55.3677427,10.4312054,81.36677094411488
1731065670,55.3677431,10.4311995,81.6807804524834
1731065671,55.3677425,10.4311968,79.78278577786267
1731065671,55.367743,10.4311904,82.28879600975407
1731065671,55.3677414,10.4311865,81.52780461417962
1731065671,55.3677402,10.4311842,81.49781000753595
1731065671,55.3677396,10.4311782,81.80982092936009
1731065672,55.3677385,10.4311751,80.6888275550127
1731065672,55.3677379,10.4311704,81.13083627211523
1731065672,55.3677377,10.4311682,80.6308402518795
1731065672,55.3677372,10.4311641,80.40884782702122
1731065672,55.3677369,10.4311604,80.45685447500341
1731065673,55.3677376,10.431154,80.67786445793197
1731065673,55.3677381,10.43115,79.6398706195013
1731065673,55.3677393,10.4311441,80.20287913247316
1731065673,55.3677394,10.4311394,79.1628869787027
1731065673,55.3677392,10.4311358,78.01889333263696
1731065674,55.3677383,10.4311331,78.03589903102963
1731065674,55.3677386,10.4311295,77.58190476297844
1731065674,55.3677409,10.431124,77.56891122919333
1731065674,55.3677404,10.4311194,77.45291965212863
1731065674,55.3677409,10.4311145,77.46892733987039
1731065675,55.3677398,10.4311107,77.50793515244355
1731065675,55.3677405,10.4311036,78.58494632223766
1731065675,55.3677404,10.4311009,76.54395102541828
1731065675,55.36774,10.4310985,75.85395559301632
1731065675,55.3677396,10.4310934,75.82596473937966
1731065676,55.3677391,10.4310902,75.75697078802176
1731065676,55.3677397,10.4310838,75.98398089501883
1731065676,55.3677391,10.4310809,76.93098655927717
1731065676,55.3677393,10.4310748,77.53099665504655
1731065676,55.3677383,10.4310748,77.77199789895155
1731065677,55.3677379,10.4310703,77.64100602771731
1731065677,55.3677383,10.4310679,78.69500960012746
1731065677,55.3677381,10.4310647,79.7850152755268
1731065677,55.3677374,10.4310618,78.93402106411992
1731065677,55.3677375,10.4310595,79.86002484010275
1731065678,55.3677367,10.4310603,80.75002447856454
1731065678,55.3677359,10.4310589,79.51702784781162
1731065678,55.3677352,10.4310561,79.35703346679907
1731065678,55.3677341,10.4310541,78.39003822668087
1731065678,55.3677343,10.4310468,79.58005035727932
1731065679,55.3677337,10.4310431,79.82105737806188
1731065679,55.3677332,10.4310379,79.9540668181363
1731065679,55.3677322,10.4310349,78.76107314937519
1731065679,55.3677316,10.4310326,77.3580777960066
1731065679,55.3677313,10.4310286,78.10508495231375
1731065680,55.367731,10.4310241,78.44209295649853
1731065680,55.3677313,10.431019,79.39510123182676
1731065680,55.3677304,10.4310151,78.47210896481614
1731065680,55.3677292,10.4310138,76.63811266192732
1731065680,55.3677284,10.4310087,76.13612230542782
1731065681,55.3677282,10.431004,76.40013052430135
1731065681,55.3677274,10.431001,76.52813660665271
1731065681,55.3677271,10.4309956,76.68214613690748
1731065681,55.3677274,10.430991,76.24015356424574
1731065681,55.3677263,10.4309885,74.79215917182455
1731065682,55.3677255,10.4309833,74.82916898477352
1731065682,55.3677246,10.430979,75.09217739590447
1731065682,55.367723,10.4309761,74.68918430362876
1731065682,55.3677217,10.4309743,74.8101889728832
1731065682,55.3677217,10.4309682,75.02219931688194
1731065683,55.3677205,10.4309633,74.57620911850387
1731065683,55.3677197,10.4309595,74.51521655728965
1731065683,55.3677199,10.4309543,74.25022512630932
1731065683,55.3677196,10.4309524,74.1662287213116
1731065683,55.3677194,10.4309498,74.67723337893818
1731065684,55.3677194,10.4309463,74.39223931395296
1731065684,55.3677194,10.4309428,74.76824524895824
1731065684,55.3677197,10.4309389,74.904251489112
1731065684,55.3677187,10.4309351,75.09725917656282
1731065684,55.3677178,10.430932,74.81126555262651
1731065685,55.367717,10.4309275,74.29127417828542
1731065685,55.3677163,10.4309228,73.91628301868866
1731065685,55.3677162,10.4309201,73.80228772144241
1731065685,55.3677156,10.4309169,73.61729389390126
1731065685,55.3677152,10.4309133,73.7283004958799
1731065686,55.3677148,10.4309115,73.30930404560917
1731065686,55.367714,10.4309068,73.07331301030892
1731065686,55.3677133,10.4309036,72.02231930709311
1731065686,55.3677128,10.4309019,71.83432281160495
1731065686,55.3677124,10.4308973,72.69833110920571
1731065687,55.367712,10.4308965,73.49733296322752
1731065687,55.3677115,10.430895,72.8893361285897
1731065687,55.3677115,10.4308908,72.52334325041278
1731065687,55.3677115,10.4308889,73.78534647218541
1731065687,55.3677125,10.4308858,76.88835048505857
1731065688,55.3677119,10.4308846,77.61935326607713
1731065688,55.3677152,10.4307798,81.69952686356815
1731065688,55.3677146,10.4307293,81.2026132358832
1731065688,55.3677141,10.4307063,80.47165285507504
1731065688,55.3677134,10.4306834,80.40869255301587
1731065689,55.3677128,10.4306675,81.15572025770345
1731065689,55.3677128,10.4306582,81.10873602580617
1731065689,55.3677123,10.4306471,81.28175546750506
1731065689,55.3677105,10.4306379,81.60377330434885
1731065689,55.3677095,10.4306319,81.60778472074944
1731065690,55.3677077,10.4306286,82.08679255420175
1731065690,55.3677071,10.4306236,82.26280177765315
1731065690,55.3677052,10.4306209,82.4648087181333
1731065690,55.3677039,10.4306149,82.21382050746826
1731065690,55.3677028,10.4306048,81.88183899938744
1731065691,55.3677011,10.4305923,81.08886230636435
1731065691,55.3676996,10.4305819,80.91688180409517
1731065691,55.3676996,10.4305755,79.94689265480528
1731065691,55.3676982,10.4305721,80.23290016011833
1731065691,55.3676974,10.4305665,79.54491064923126
1731065692,55.3676972,10.4305638,79.47991547553924
1731065692,55.3676967,10.4305616,79.4799198271793
1731065692,55.3676963,10.4305592,78.48092439354761
1731065692,55.3676937,10.4305571,78.56493118691128
1731065692,55.3676915,10.4305546,78.15493816101758
1731065693,55.3676901,10.4305519,78.09894447942007
1731065693,55.3676894,10.4305477,77.32495247049225
1731065693,55.3676879,10.4305437,76.82096111721157
1731065693,55.367685,10.4305416,76.97796828345082
1731065693,55.367684,10.4305394,77.18497325671316
1731065694,55.3676818,10.4305379,77.36097853527819
1731065694,55.3676794,10.4305369,77.3559832148039
1731065694,55.3676773,10.4305358,77.63998769082609
1731065694,55.3676751,10.430536,77.71699008717088
1731065694,55.3676727,10.4305354,77.72499408846826
1731065695,55.3676701,10.4305357,77.89399681256975
1731065695,55.3676679,10.4305362,78.02099870023285
1731065695,55.3676656,10.4305361,78.05000172943286
1731065695,55.367663,10.4305358,78.05500547067862
1731065695,55.367661,10.4305364,78.23900694007637
1731065696,55.3676589,10.4305376,79.19200751656393
1731065696,55.3676566,10.4305383,79.32000918937703
1731065696,55.3676531,10.4305388,79.15201269317267
1731065696,55.3676516,10.4305398,80.16901286270678
1731065696,55.3676498,10.4305402,80.9240144224317
1731065697,55.367647,10.4305397,81.59601875122348
1731065697,55.3676449,10.4305412,81.48801881897947
1731065697,55.3676435,10.4305424,81.67801852506636
1731065697,55.3676421,10.4305437,81.90701806160828
1731065697,55.3676415,10.430546,81.46601490819361
1731065698,55.3676409,10.4305505,81.1660080249546
1731065698,55.3676418,10.4305538,81.31100131131217
1731065698,55.3676409,10.4305557,81.19699920900146
1731065698,55.3676393,10.4305576,80.9189979769418
1731065698,55.3676369,10.4305578,80.598000621584
1731065699,55.3676356,10.4305591,80.41300003376358
1731065699,55.3676353,10.4305617,80.45199599874067
1731065699,55.3676348,10.430565,80.6339910255867
1731065699,55.3676335,10.4305666,80.65098992913803
1731065699,55.3676327,10.4305684,80.72598787200727
1731065700,55.3676319,10.4305703,80.72098564533414
1731065700,55.3676305,10.4305722,80.98198416457114
1731065700,55.3676303,10.4305757,80.48597847935544
1731065700,55.3676291,10.430577,80.6449777671759
1731065700,55.3676281,10.4305776,81.07997799312612
1731065701,55.3676274,10.4305808,81.08797343810585
1731065701,55.3676253,10.4305809,81.4869758792345
1731065701,55.367623,10.4305824,81.83397619543126
1731065701,55.3676226,10.4305839,81.94197414961013
1731065701,55.3676207,10.4305826,82.05397871561237
1731065702,55.3676188,10.4305836,81.51797938220315
1731065702,55.3676166,10.4305839,81.26798160849117
1731065702,55.3676159,10.4305828,83.27298434360947
1731065702,55.3676144,10.4305826,83.18198654737675
1731065702,55.3676117,10.4305825,82.03099007333219
1731065703,55.3676093,10.4305845,79.02298966601873
1731065703,55.3676081,10.4305794,83.79399980418748
1731065703,55.3676056,10.4305803,82.8390013860674
1731065703,55.3676034,10.4305775,84.09600886789804
1731065703,55.3676021,10.4305778,84.11400997527574
1731065704,55.3676013,10.4305787,83.14200944388926
1731065704,55.3676007,10.4305791,83.6850095115762
1731065704,55.3675994,10.4305782,85.45901265339032
1731065704,55.3675967,10.4305809,83.27601143211086
1731065704,55.3675954,10.4305792,85.23801593020224
1731065705,55.3675931,10.4305785,85.25501997593915
1731065705,55.367593,10.4305799,85.48701772671973
1731065705,55.3675932,10.4305825,86.58301307014008
1731065705,55.3675914,10.4305849,85.46901123868525
1731065705,55.3675896,10.4305855,85.00101245889431
1731065706,55.367587,10.4305885,84.7590106045915
1731065706,55.367585,10.4305905,84.65800969983958
1731065706,55.367582,10.4305934,83.65300851221787
1731065706,55.3675811,10.4305943,84.08800810506261
1731065706,55.3675794,10.4305954,83.74900835320983
1731065707,55.3675782,10.4305987,83.74500425002404
1731065707,55.3675766,10.4305972,84.73500878184261
1731065707,55.3675745,10.4305966,84.90401240928387
1731065707,55.3675711,10.4305997,82.02501137963415
1731065707,55.367569,10.4306015,81.3090109381198
1731065708,55.3675672,10.4306011,82.78501385354235
1731065708,55.3675659,10.4306012,83.3530152998027
1731065708,55.3675636,10.4306033,83.39601459821291
1731065708,55.3675611,10.4306012,83.48002126576198
1731065708,55.3675575,10.4306008,81.97402641831407
1731065709,55.367555,10.4306043,80.90502359169903
1731065709,55.367553,10.4306042,80.66702624697206
1731065709,55.3675512,10.4306014,81.98403323115869
1731065709,55.3675485,10.4306008,81.01103760407
1731065709,55.3675479,10.4306014,81.29703733255334
1731065710,55.3675468,10.4305992,81.57504242948222
1731065710,55.3675452,10.4305973,82.05304763920381
1731065710,55.3675434,10.4305984,81.45804801138297
1731065710,55.367541,10.4305997,80.39904879016177
1731065710,55.3675399,10.4305993,80.36405083539373
1731065711,55.3675392,10.4305977,82.11405441793457
1731065711,55.367539,10.4305982,82.10205381881354
1731065711,55.3675379,10.4305991,81.32305366006412
1731065711,55.3675357,10.4305997,80.4560553769846
1731065711,55.3675347,10.4306014,79.97105373765265
1731065712,55.3675332,10.4306003,79.89605746671724
1731065712,55.3675329,10.4306003,80.63305783954937
1731065712,55.3675308,10.4306021,78.8780573977145
1731065712,55.3675291,10.4306014,77.53906069716
1731065712,55.3675276,10.4306002,77.37606459572046
1731065713,55.3675246,10.4305981,77.4650718841967
1731065713,55.3675237,10.4305979,77.30207334172769
1731065713,55.367523,10.430599,76.72107234674874
1731065713,55.367521,10.4305991,75.04407466266221
1731065713,55.367519,10.4305994,74.80407663948762
1731065714,55.3675191,10.4306002,74.68107515893357
1731065714,55.3675182,10.4305997,73.83507712504945
1731065714,55.3675175,10.430598,73.6680808770426
1731065714,55.3675154,10.4305976,73.4910841648517
1731065714,55.3675132,10.4305953,72.90309079807031
1731065715,55.3675115,10.4305951,71.78909324969591
1731065715,55.3675077,10.4305925,70.5861023797274
1731065715,55.3675048,10.4305886,70.00611259524266
1731065715,55.3675019,10.430586,70.26512060676386
1731065715,55.3674995,10.4305851,70.10812511486239
1731065716,55.3674975,10.4305849,70.03912793915738
1731065716,55.3674947,10.4305834,69.74413396144237
1731065716,55.3674929,10.4305842,69.36413484184646
1731065716,55.3674911,10.4305848,69.22113606130293
1731065716,55.3674887,10.430585,69.10313870442053
1731065717,55.3674878,10.430587,68.9071364320768
1731065717,55.3674858,10.430588,68.76613722187606
1731065717,55.3674836,10.4305883,68.67413944689864
1731065717,55.3674824,10.4305899,68.43713822543127
1731065717,55.3674795,10.4305894,68.38214267645873
1731065718,55.3674783,10.4305912,68.26914111590665
1731065718,55.367475,10.4305891,68.28614877640865
1731065718,55.367472,10.4305866,68.43415674223169
1731065718,55.3674691,10.4305865,68.61816051499028
1731065718,55.3674657,10.4305848,68.82716762145472
1731065719,55.3674641,10.4305857,68.62916808361622
1731065719,55.3674626,10.4305865,68.54216859105313
1731065719,55.3674595,10.430586,68.53617329030564
1731065719,55.3674575,10.4305866,68.46517475799462
1731065719,55.3674552,10.4305866,68.60017761558228
1731065720,55.3674529,10.4305869,68.66517996455308
1731065720,55.3674506,10.4305869,68.52118282209445
1731065720,55.3674474,10.4305863,68.58618781495092
1731065720,55.3674453,10.430587,68.5661892372442
1731065720,55.367442,10.4305864,68.64819435426125
1731065721,55.3674393,10.4305859,68.84919855628617
1731065721,55.3674365,10.4305844,68.90320457781424
1731065721,55.3674339,10.4305845,68.77420763835568
1731065721,55.3674326,10.4305859,68.655206879959
1731065721,55.3674313,10.4305883,68.54120442625273
1731065722,55.3674296,10.4305893,68.73620484288789
1731065722,55.3674282,10.4305903,68.60820488681921
1731065722,55.3674259,10.4305906,68.53220723552353
1731065722,55.3674249,10.4305913,68.24920729110735
1731065722,55.3674226,10.4305912,68.40221031790001
1731065723,55.3674217,10.430592,68.52521007971231
1731065723,55.3674193,10.430592,68.49421306117011
1731065723,55.3674162,10.4305897,68.47022081136649
1731065723,55.3674126,10.4305879,68.53422833498205
1731065723,55.3674095,10.4305872,68.4672333726008
1731065724,55.3674062,10.4305851,68.42024103202088
1731065724,55.3674045,10.4305866,68.43424060083572
1731065724,55.367402,10.4305864,67.83524404538201
1731065724,55.3673998,10.4305877,67.59524457431644
1731065724,55.367397,10.4305837,68.17025483354278
1731065725,55.3673949,10.4305831,68.11425845925186
1731065725,55.3673934,10.430582,69.02026218729065
1731065725,55.3673902,10.4305832,68.40226412781344
1731065725,55.3673874,10.4305843,67.50126574097209
1731065725,55.3673842,10.4305826,65.18527259771813
1731065726,55.3673816,10.4305767,66.93328582929468
1731065726,55.3673823,10.4305799,65.39127953495789
1731065726,55.3673801,10.4305779,66.79328565810917
1731065726,55.3673789,10.4305775,65.017287826721
1731065726,55.3673774,10.4305766,64.44729121558328
1731065727,55.367374,10.4305775,63.12929391287916
1731065727,55.3673723,10.4305756,63.86029924538293
1731065727,55.3673693,10.4305752,64.16330364963004
1731065727,55.3673646,10.4305716,65.07031559010497
1731065727,55.3673614,10.4305719,64.07231905596328
1731065728,55.3673559,10.4305708,63.889327751698055
1731065728,55.367352,10.4305711,63.26833208680853
1731065728,55.3673475,10.4305687,63.48734174419034
1731065728,55.3673434,10.4305674,63.72534903993114
1731065728,55.36734,10.4305681,63.58635207577241
1731065729,55.3673365,10.4305658,64.49336032147721
1731065729,55.3673329,10.4305674,63.3173620798758
1731065729,55.36733,10.4305658,63.996368393678544
1731065729,55.367327,10.4305658,64.49437211924715
1731065729,55.3673249,10.430566,63.91637438807467
1731065730,55.3673216,10.4305674,62.93437611279725
1731065730,55.3673199,10.4305668,63.76337924103578
1731065730,55.3673167,10.4305669,63.188383045310175
1731065730,55.3673151,10.4305679,63.08038333696119
1731065730,55.3673134,10.4305658,63.671389007993966
1731065731,55.3673094,10.430565,63.18039533129863
1731065731,55.3673057,10.4305635,62.29840246865942
1731065731,55.3673034,10.4305643,61.58440396850531
1731065731,55.3673002,10.4305644,61.73840777254412
1731065731,55.3672972,10.4305651,61.4244103110625
1731065732,55.3672944,10.4305662,61.346411923113806
1731065732,55.3672939,10.4305702,60.51340576308081
1731065732,55.3672922,10.4305727,60.01440363591666
1731065732,55.3672881,10.4305716,60.53341059159142
1731065732,55.3672853,10.430572,60.37641339019271
1731065733,55.3672827,10.4305725,60.54741577090701
1731065733,55.3672796,10.4305721,60.606420298111296
1731065733,55.367276,10.4305701,61.07742815843011
1731065733,55.3672739,10.4305706,61.27842991823003
1731065733,55.3672714,10.4305705,61.29743319178212
1731065734,55.3672687,10.4305714,60.832435018414095
1731065734,55.367265,10.4305681,61.03944520647529
1731065734,55.3672636,10.4305694,61.01944474090993
1731065734,55.3672612,10.4305697,60.866447212107644
1731065734,55.3672593,10.4305712,60.88744702825662
1731065735,55.3672566,10.4305706,61.117451397559094
1731065735,55.3672549,10.4305713,61.163452321530045
1731065735,55.3672517,10.4305707,61.118457311539636
1731065735,55.3672491,10.4305703,61.20046121755745
1731065735,55.3672468,10.4305715,61.220462038773974
1731065736,55.3672428,10.43057,61.492469547532224
1731065736,55.3672403,10.430571,61.57847095602213
1731065736,55.3672381,10.4305712,61.578473348205875
1731065736,55.3672347,10.4305716,61.85547689106723
1731065736,55.367232,10.4305718,61.94647990391516
1731065737,55.3672285,10.4305719,62.06648407938681
1731065737,55.3672254,10.4305719,62.22548792776238
1731065737,55.3672222,10.4305731,62.44748986600632
1731065737,55.367219,10.4305734,62.69949332987848
1731065737,55.3672157,10.4305733,62.887497595917836
1731065738,55.3672126,10.430574,63.273500257489935
1731065738,55.3672102,10.4305749,63.17950171104786
1731065738,55.367207,10.4305747,63.200506022347255
1731065738,55.3672053,10.4305769,63.2155044031866
1731065738,55.3672044,10.4305799,63.01050043481224
1731065739,55.3672018,10.4305796,62.96350417077452
1731065739,55.3672009,10.4305814,62.74250223661117
1731065739,55.3671996,10.4305838,62.595499781849355
1731065739,55.3671975,10.4305848,62.65350069337482
1731065739,55.3671956,10.4305853,62.53950220422006
1731065740,55.3671924,10.4305851,62.65250651532959
1731065740,55.3671899,10.4305847,62.59251029655327
1731065740,55.3671861,10.4305827,62.72551840365103
1731065740,55.3671825,10.4305832,62.97452202448427
1731065740,55.3671797,10.4305832,63.0045254998855
1731065741,55.3671766,10.4305841,63.18352782195141
1731065741,55.3671744,10.4305857,63.283527840287164
1731065741,55.3671713,10.4305861,63.24653100987319
1731065741,55.3671666,10.4305872,64.10753497864496
1731065741,55.3671582,10.4305854,65.26454845547869
1731065742,55.367153,10.4305853,65.78655507873262
1731065742,55.3671522,10.4305798,64.10256539500975
1731065742,55.3671507,10.4305769,63.80757217259894
1731065742,55.3671474,10.4305729,63.4715830487564
1731065742,55.3671436,10.4305705,63.92759183312175
1731065743,55.3671413,10.4305703,63.73659502653955
1731065743,55.3671389,10.4305716,64.05059580131207
1731065743,55.3671368,10.4305736,64.13159501715185
1731065743,55.3671326,10.4305736,64.61060022937484
1731065743,55.3671302,10.4305763,65.00659863085312
1731065744,55.3671258,10.430577,65.57760290454974
1731065744,55.3671209,10.430575,66.02861237552814
1731065744,55.3671173,10.4305748,66.19661718193089
1731065744,55.3671144,10.4305754,66.31361976352291
1731065744,55.3671119,10.4305768,66.50062049260478
1731065745,55.3671101,10.4305775,66.24562153963112
1731065745,55.3671066,10.430577,66.45762673031925
1731065745,55.3671027,10.4305757,66.57563377340678
1731065745,55.3670984,10.4305743,66.89864148227286
1731065745,55.367096,10.4305748,67.03664361272413
1731065746,55.3670933,10.430575,67.08264662393731
1731065746,55.3670894,10.4305747,67.392651971654
1731065746,55.3670868,10.4305744,67.4116557062732
1731065746,55.3670836,10.4305743,67.52865984630567
1731065746,55.3670804,10.4305748,67.82566296921836
1731065747,55.3670773,10.4305754,67.9126657984996
1731065747,55.367073,10.4305749,68.1796719812576
1731065747,55.3670702,10.4305756,68.25967426871152
1731065747,55.3670676,10.4305762,68.25167647750223
1731065747,55.367065,10.4305768,68.3866786862643
1731065748,55.3670621,10.4305777,68.45868075866886
1731065748,55.3670591,10.4305781,68.52368380266395
1731065748,55.3670563,10.4305784,68.48368676799959
1731065748,55.3670526,10.4305778,68.59269237548632
1731065748,55.3670464,10.4305782,69.67469938935815
1731065749,55.367042,10.4305792,70.26870315292643
1731065749,55.3670382,10.4305792,70.1007078671714
1731065749,55.3670348,10.4305789,70.24271259365774
1731065749,55.3670306,10.4305777,70.39271983812475
1731065749,55.3670265,10.4305768,70.70472644992512
1731065750,55.3670236,10.4305782,70.84372767430399
1731065750,55.367017,10.4305769,71.40573806524782
1731065750,55.3670113,10.4305761,72.11474649202998
1731065750,55.3670102,10.4305773,71.79174582242553
1731065750,55.3670016,10.4305758,73.10475903283178
1731065751,55.3669949,10.4305746,73.86076937764163
1731065751,55.3669839,10.4305705,75.27778997146605
1731065751,55.3669809,10.4305706,75.44079352295458
1731065751,55.3669775,10.4305703,75.54479824855673
1731065751,55.3669738,10.4305711,76.11080148161857
1731065752,55.3669705,10.4305724,76.21780337097606
1731065752,55.3669672,10.4305745,76.47180390423296
1731065752,55.3669636,10.4305756,76.69080650458972
1731065752,55.36696,10.4305765,76.94380944390574
1731065752,55.3669569,10.430578,77.329810746016
1731065753,55.3669535,10.4305783,77.1908144542289
1731065753,55.3669504,10.4305787,77.26881762082706
1731065753,55.3669478,10.4305794,77.7778196587736
1731065753,55.3669446,10.4305805,77.82982176276903
1731065753,55.3669416,10.4305815,77.99982378819661
1731065754,55.3669393,10.4305833,78.0048235894344
1731065754,55.366937,10.4305855,78.17682271262494
1731065754,55.3669346,10.4305868,78.2068234853635
1731065754,55.3669315,10.430587,78.28182699072909
1731065754,55.3669289,10.4305876,78.34482919797702
1731065755,55.3669263,10.4305881,78.43483157470234
1731065755,55.3669227,10.4305881,78.43483603900759
1731065755,55.3669203,10.4305889,78.55183765913311
1731065755,55.3669173,10.4305895,78.76084036227901
1731065755,55.3669134,10.430588,78.92084774103675
1731065756,55.3669093,10.4305867,79.02185502871326
1731065756,55.3669056,10.4305862,79.1218604642705
1731065756,55.366903,10.4305864,79.19186334924717
1731065756,55.3669014,10.4305875,78.99186346867172
1731065756,55.3668985,10.430588,79.07086621707907
1731065757,55.3668966,10.4305888,79.09386721697696
1731065757,55.3668942,10.4305897,78.97486866733168
1731065757,55.366892,10.4305904,78.90887020868313
1731065757,55.3668898,10.4305911,78.8628717500143
1731065757,55.3668873,10.4305911,78.80487484983306
1731065758,55.3668847,10.4305914,78.8508775651024
1731065758,55.3668822,10.4305914,78.78188066486521
1731065758,55.3668801,10.4305917,78.74588276013239
1731065758,55.3668777,10.430592,78.71888522734481
1731065758,55.3668744,10.4305917,78.82988982743632
1731065759,55.3668722,10.4305921,78.85689187711435
1731065759,55.3668735,10.4305948,78.64188568869253
1731065759,55.3668717,10.4305958,78.12488622539877
1731065759,55.3668684,10.4305955,78.06389082540888
1731065759,55.366867,10.4305963,77.86489120515114
1731065760,55.3668707,10.4306001,77.4348801765745
1731065760,55.3668693,10.430601,76.91888038682603
1731065760,55.3668676,10.4306011,76.67988232505579
1731065760,55.3668627,10.4305995,76.70189111228046
1731065760,55.3668608,10.4305993,76.83389380693302
1731065761,55.3668584,10.4305989,76.66389746047616
1731065761,55.3668555,10.4305987,76.75990139487898
1731065761,55.3668521,10.4305982,76.80890645763947
1731065761,55.3668497,10.4305981,76.9229096025777
1731065761,55.3668459,10.4305983,77.0749139746252
1731065762,55.3668431,10.430598,77.15591795439562
1731065762,55.3668401,10.4305985,77.3639208260526
1731065762,55.3668384,10.4305996,77.43392106903605
1731065762,55.3668357,10.4306006,77.34992272121114
1731065762,55.3668335,10.4306019,77.4409232450038
1731065763,55.3668317,10.4306038,77.4929222558879
1731065763,55.36683,10.4306061,77.41792046477948
1731065763,55.3668282,10.4306083,76.79091896712777
1731065763,55.3668264,10.4306104,77.00991763896478
1731065763,55.3668251,10.4306126,76.8739155214564
1731065764,55.3668233,10.4306152,77.50591334575279
1731065764,55.3668234,10.4306164,77.49891118774885
1731065764,55.3668238,10.4306187,77.19090679330978
1731065764,55.3668232,10.4306218,76.98690228249116
1731065764,55.3668235,10.4306251,77.14589631696833
1731065765,55.3668234,10.4306286,77.18989050829069
1731065765,55.3668242,10.4306314,77.04288477044048
1731065765,55.3668244,10.4306352,77.06087808133145
1731065765,55.3668252,10.430638,76.88187234345946
1731065765,55.3668252,10.4306422,77.08286522424069
1731065766,55.3668252,10.4306463,77.00985827451389
1731065766,55.3668266,10.4306445,82.57085959006798
1731065766,55.3668265,10.430648,82.73985378133472
1731065766,55.366826,10.4306521,82.89184745142771
1731065766,55.3668264,10.4306552,82.86084170085924
1731065767,55.3668267,10.430659,83.10983488770304
1731065767,55.3668266,10.4306634,82.98882755336746
1731065767,55.3668268,10.430668,82.72381950809508
1731065767,55.3668268,10.4306729,82.4118112022206
1731065767,55.3668276,10.4306765,82.67980410817546
1731065768,55.3668279,10.4306805,82.90779695593267
1731065768,55.3668273,10.4306842,83.22879142793562
1731065768,55.3668275,10.4306888,82.99778338258473
1731065768,55.3668278,10.4306924,83.0517769083399
1731065768,55.366828,10.430697,83.36976886295744
1731065769,55.3668284,10.4307006,83.36376226471552
1731065769,55.3668289,10.4307045,83.00275503395855
1731065769,55.3668299,10.4307091,82.93774599674953
1731065769,55.3668304,10.430713,82.68573876595863
1731065769,55.3668304,10.4307173,82.00473147697339
1731065770,55.3668308,10.4307214,81.89272403110363
1731065770,55.3668315,10.4307257,81.80971587427237
1731065770,55.3668323,10.4307295,81.77770844100972
1731065770,55.3668323,10.4307336,81.71570149099114
1731065770,55.3668331,10.4307376,81.64569371867154
1731065771,55.366833,10.4307418,81.4666867230876
1731065771,55.3668333,10.4307465,81.35167838401833
1731065771,55.3668339,10.4307508,80.42267035105834
1731065771,55.3668353,10.4307544,80.63066251286648
1731065771,55.3668355,10.4307583,80.9086556538379
1731065772,55.3668363,10.4307628,81.44364703383846
1731065772,55.3668357,10.430767,81.62364065805853
1731065772,55.3668364,10.4307707,81.42663351813
1731065772,55.3668371,10.4307755,81.44962451350746
1731065772,55.3668376,10.4307793,81.34761745198693
1731065773,55.3668375,10.4307838,80.60860994771127
1731065773,55.3668378,10.4307882,80.95360211701862
1731065773,55.3668389,10.4307923,80.47559380301968
1731065773,55.366841,10.4307967,80.98658374062963
1731065773,55.3668414,10.4307997,80.83557815915506
1731065774,55.3668421,10.4308041,80.3935698324629
1731065774,55.3668433,10.4308079,80.79956190294979
1731065774,55.3668451,10.4308122,80.97855238191298
1731065774,55.366845,10.430817,81.40554436895155
1731065774,55.3668459,10.4308201,81.31153799796877
1731065775,55.3668471,10.430823,80.92153159405657
1731065775,55.3668483,10.4308252,80.90752637677315
1731065775,55.3668478,10.430827,80.81352394533069
1731065775,55.3668479,10.4308311,80.36551687098523
1731065775,55.366847,10.430834,80.50751307074611
1731065776,55.3668471,10.4308371,79.85750769159583
1731065776,55.3668454,10.4308394,80.01350590036049
1731065776,55.3668434,10.4308413,80.74050515915366
1731065776,55.3668418,10.4308416,80.40650663434064
1731065776,55.3668423,10.4308416,80.74050601441931
1731065777,55.3668422,10.4308436,81.36750274796897
1731065777,55.3668429,10.4308457,81.47949832011643
1731065777,55.3668432,10.4308478,81.73849438819752
1731065777,55.3668439,10.4308501,82.02348962128784
1731065777,55.3668445,10.4308513,82.46048684310443
1731065778,55.3668451,10.430855,82.36747982684916
1731065778,55.366845,10.4308577,82.43547537371614
1731065778,55.366844,10.4308594,82.43247373168533
1731065778,55.3668435,10.4308621,82.26346977448821
1731065778,55.3668428,10.4308654,82.45046504811604
1731065779,55.366842,10.430868,82.67046163238713
1731065779,55.3668411,10.4308704,81.67845867968506
1731065779,55.3668405,10.4308723,81.76145620264191
1731065779,55.3668401,10.4308735,81.73645466429402
1731065779,55.3668397,10.4308776,82.04144820974253
1731065780,55.3668385,10.4308781,82.41744884993736
1731065780,55.3668369,10.4308786,82.47744998606169
1731065780,55.3668372,10.4308809,82.35944571504962
1731065780,55.3668373,10.4308806,81.36444609963891
1731065780,55.3668359,10.4308827,80.49544427539757
1731065781,55.366836,10.4308839,81.27344211711895
1731065781,55.3668365,10.4308824,81.35344404006932
1731065781,55.3668359,10.4308834,81.00244308872561
1731065781,55.3668356,10.4308828,81.8334444778234
1731065781,55.3668355,10.4308823,82.18544544942932
1731065782,55.3668338,10.4308829,81.03644653999291
1731065782,55.3668326,10.4308846,81.45644514586517
1731065782,55.3668308,10.4308861,80.83844483466936
1731065782,55.3668314,10.4308871,81.56444239553372
1731065782,55.3668308,10.430888,81.84744161370142
1731065783,55.3668305,10.4308889,82.02544045992323
1731065783,55.36683,10.4308897,82.49443972363173
1731065783,55.3668298,10.4308903,84.07243895444532
1731065783,55.3668297,10.4308927,83.14343500982832
1731065783,55.3668298,10.4308933,81.7354338686968
1731065784,55.3668277,10.4308893,80.93244325328762
1731065784,55.3668261,10.4308841,80.18845405223318
1731065784,55.3668259,10.4308871,78.96744921446309
1731065784,55.3668269,10.4308869,79.53544831371656
1731065784,55.3668285,10.4308875,79.9214453128877
1731065785,55.3668292,10.4308871,80.9684451231215
1731065785,55.3668302,10.4308874,80.38244337473768
1731065785,55.3668293,10.4308905,80.47643923530109
1731065785,55.3668279,10.4308943,79.76443452908413
1731065785,55.3668271,10.4308982,79.67542890944563
1731065786,55.3668269,10.4308963,80.15643237838574
1731065786,55.3668291,10.4308983,79.54442626030374
1731065786,55.3668306,10.4309008,79.52242016243994
1731065786,55.3668319,10.4309007,79.42341872019526
1731065786,55.3668316,10.4309006,78.4904192616687
1731065787,55.3668308,10.4308942,77.6334311031548
1731065787,55.3668299,10.4308875,77.35344357715658
1731065787,55.3668297,10.4308858,77.29744670703596
1731065787,55.3668289,10.4308861,77.06044719030868
1731065787,55.3668304,10.4308852,76.52744685631531
1731065788,55.3668321,10.4308839,76.28144695244674
1731065788,55.3668339,10.4308869,75.68543963502577
1731065788,55.366832,10.4308894,75.70743775257245
1731065788,55.3668335,10.4308883,74.93043775760952
1731065788,55.3668359,10.4308888,75.01543393438628
1731065789,55.3668364,10.4308897,74.809431788741
1731065789,55.3668358,10.4308928,75.47242727736361
1731065789,55.3668349,10.4308941,75.87942618938827
1731065789,55.3668348,10.4308966,75.96842207523521
1731065789,55.3668369,10.4308941,76.04642370970683
1731065790,55.366838,10.430893,76.30442421065479
1731065790,55.366841,10.4308898,76.69442591590122
1731065790,55.3668443,10.4308884,78.39642419769147
1731065790,55.3668515,10.430884,78.83542272960116
1731065790,55.3668595,10.4308778,79.75342332080506
1731065791,55.3668658,10.4308759,76.03741873009872
1731065791,55.3668705,10.4308705,78.19942205659437
1731065791,55.3668773,10.4308662,77.75242091420665
1731065791,55.3668832,10.4308627,74.0974195314592
1731065791,55.3668915,10.4308548,72.32942263152421
1731065792,55.3668979,10.4308492,71.34342418841088
1731065792,55.3669004,10.4308481,69.65342295293989
1731065792,55.3669037,10.4308458,69.02542275965035
1731065792,55.3669068,10.4308443,69.44642145814237
1731065792,55.3669079,10.4308442,69.43042026352194
1731065793,55.3669076,10.4308441,70.11342080508712
1731065793,55.3669053,10.4308498,70.62541399445092
1731065793,55.3669062,10.4308517,71.1944096573525
1731065793,55.3669063,10.4308527,73.70640783808382
1731065793,55.3669069,10.4308532,74.36440624637581
1731065794,55.3669085,10.4308525,74.25540544883489
1731065794,55.3669079,10.4308542,74.30140331098154
1731065794,55.36691,10.4308538,73.04240138478255
1731065794,55.3669147,10.4308507,71.25540081134082
1731065794,55.3669193,10.430848,69.55439968372346
1731065795,55.3669247,10.4308443,68.43139925911164
1731065795,55.3669281,10.4308416,68.78839961957517
1731065795,55.3669297,10.4308413,67.60839814379108
1731065795,55.3669314,10.4308405,68.77239739160173
1731065795,55.3669348,10.4308378,68.47139775197164
1731065796,55.366936,10.4308402,67.28439219504502
1731065796,55.3669359,10.4308405,66.67639181049249
1731065796,55.3669385,10.4308381,65.98639265443741
1731065796,55.3669401,10.4308375,66.59139168716138
1731065796,55.3669427,10.4308335,67.64639524347582
1731065797,55.3669433,10.4308346,67.44339263451995
1731065797,55.3669455,10.4308329,68.07439278782174
1731065797,55.3669467,10.4308318,68.76439316424995
1731065797,55.3669486,10.430831,68.61839216388
1731065797,55.3669512,10.4308301,67.24339046479884
1731065798,55.3669539,10.4308286,67.08438965881265
1731065798,55.3669559,10.4308276,67.37438887340426
1731065798,55.366957,10.4308284,67.52938615282028
1731065798,55.3669581,10.4308287,67.66838427986085
1731065798,55.3669592,10.4308295,67.6903815592641
1731065799,55.3669605,10.4308283,68.23338198111645
1731065799,55.3669629,10.4308272,66.71638086903204
1731065799,55.3669645,10.4308241,66.50338413975088
1731065799,55.3669679,10.4308231,66.73138161771413
1731065799,55.3669677,10.4308218,66.24338406963255
1731065800,55.3669704,10.4308224,66.0263797034116
1731065800,55.3669725,10.4308211,65.74737930240478
1731065800,55.3669744,10.4308218,65.42537575893526
1731065800,55.3669752,10.4308217,65.35337493612647
1731065800,55.3669778,10.4308197,66.7363751015484
1731065801,55.3669803,10.4308192,66.88437284808909
1731065801,55.3669833,10.4308208,66.1393664143146
1731065801,55.3669865,10.4308222,65.7333600714538
1731065801,55.366991,10.4308274,64.56334567385962
1731065801,55.3669941,10.4308272,64.41734216736486
1731065802,55.3669969,10.430835,64.21132547072277
1731065802,55.3669946,10.4308384,64.77332255994162
1731065802,55.3669938,10.4308446,65.04831304155798
1731065802,55.3669849,10.4308535,65.21130899386812
1731065802,55.3669796,10.4308532,64.5563160769319
1731065803,55.3669746,10.4308591,63.583312276934095
1731065803,55.3669702,10.4308646,63.55130841069483
1731065803,55.3669668,10.430874,63.200296692295026
1731065803,55.3669619,10.4308878,61.80927937504316
1731065803,55.3669563,10.4308943,62.06527530166676
1731065804,55.3669611,10.4308974,60.6712640923502
1731065804,55.3669632,10.4309022,59.567253349976106
1731065804,55.3669657,10.4309058,58.49224414577874
1731065804,55.3669669,10.4309103,58.01423502829666
1731065804,55.3669676,10.4309164,58.011223818469354
1731065805,55.3669659,10.4309318,56.94319981896446
1731065805,55.3669632,10.4309478,55.95917604250471
1731065805,55.3669617,10.4309633,54.9981516250282
1731065805,55.3669615,10.4309728,54.52013576708202
1731065805,55.3669613,10.4309823,54.04211990906771
1731065806,55.3669612,10.4309919,53.56410375740217
1731065806,55.366961,10.4310014,53.086087899250415
1731065806,55.3669608,10.4310109,52.60807204103054
1731065806,55.3669607,10.4310205,52.129055889156106
1731065806,55.3669605,10.43103,51.65104003079883
1731065807,55.3669603,10.4310395,51.1730241723734
1731065807,55.3669602,10.431049,50.69500818983355
1731065807,55.36696,10.4310586,50.21699216172745
1731065807,55.3669599,10.4310681,49.738976179049445
1731065807,55.3669597,10.4310776,49.260960320350144
1731065808,55.3669595,10.4310872,48.78294429203645
1731065808,55.3669594,10.4310967,48.304928309151926
1731065808,55.3669921,10.4311198,48.11184857706599
1731065808,55.3669949,10.4311308,47.60182645265837
1731065808,55.3669978,10.4311417,47.09280437357815
1731065809,55.3670006,10.4311527,46.58278224885461
1731065809,55.3670034,10.4311637,46.0737601239736
1731065809,55.3670063,10.4311746,45.56373804441768
1731065809,55.3670091,10.4311856,45.05371591922088
1731065809,55.367012,10.4311965,44.5446938393476
1731065810,55.3670148,10.4312075,44.03467171383512
1731065810,55.3670177,10.4312185,43.52564946408534
1731065810,55.3670205,10.4312294,43.015627507816404
1731065810,55.3670233,10.4312404,42.506605381830866
1731065810,55.3670262,10.4312513,41.996583301164904
1731065811,55.367029,10.4312623,41.48756117486377
1731065811,55.3670319,10.4312733,40.97753892431654
1731065811,55.3670347,10.4312842,40.468516967264044
1731065811,55.3670376,10.4312952,39.95849471639778
1731065811,55.3670404,10.4313061,39.44947275903182
1731065812,55.3670432,10.4313171,38.93945063194244
1731065812,55.3670461,10.4313281,38.43042838059815
1731065812,55.3669865,10.4317333,91.10081518960695
1731065812,55.3669946,10.431894,101.0755325846497
1731065812,55.3670589,10.4321835,103.33496171589873
1731065813,55.3671487,10.4325495,103.11522928491107
1731065813,55.3672163,10.4328331,102.83966409842209
1731065813,55.3672708,10.4330663,102.34020062997013
1731065813,55.3673156,10.4332691,102.28280075180629
1731065813,55.3673513,10.4334419,102.54246306347278
1731065814,55.3673855,10.4336117,102.89113229934055
1731065814,55.3674163,10.4337707,103.36982406722393
1731065814,55.3675386,10.4336881,106.34081215633847
1731065814,55.3675603,10.4337816,106.74762641385412
1731065814,55.3675819,10.4338751,107.1544407852953
1731065815,55.3676036,10.4339686,107.5612550217769
1731065815,55.3676252,10.4340621,107.96906937222921
1731065815,55.3676469,10.4341556,108.37588358771168
1731065815,55.3676685,10.4342491,108.78269791721006
1731065815,55.3676902,10.4343426,109.18951211172822
1731065816,55.3677118,10.4344362,109.59632625047155
1731065816,55.3677335,10.4345297,110.0041404240524
1731065816,55.3677551,10.4346232,110.41095471173952
1731065816,55.3677768,10.4347167,110.8177688644259
1731065816,55.3677984,10.4348102,111.22458313126367
1731065817,55.3678201,10.4349037,111.63239726309051
1731065817,55.3678417,10.4349972,112.03921150911378
1731065817,55.3678634,10.4350907,112.44602562011596
1731065817,55.367885,10.4351842,112.8538398453596
1731065817,55.3679067,10.4352777,113.26065393557201
1731065818,55.3679283,10.4353712,113.66746814007094
1731065818,55.36795,10.4354647,114.0742822095284
1731065818,55.3679716,10.4355582,114.48209639331749
1731065818,55.3679933,10.4356517,114.88891044205496
1731065818,55.3680149,10.4357452,115.29572460516903
1731065819,55.3680366,10.4358387,115.70353863322141
1731065819,55.3680583,10.4359322,116.11035265093741
1731065819,55.3680799,10.4360257,116.51716678309747
1731065819,55.3681016,10.4361192,116.9249807801807
1731065819,55.3681232,10.4362127,117.33179489175298
1731065820,55.3681449,10.4363062,117.73860886823829
1731065820,55.3681665,10.4363997,118.14642295925758
1731065820,55.3681882,10.4364932,118.55323691517997
1731065820,55.3682098,10.4365867,118.96005098568116
1731065820,55.3682315,10.4366802,119.36786492107542
1731065821,55.3682531,10.4367738,119.77467880106062
1731065821,55.3682748,10.4368673,120.18249271595387
1731065821,55.3682964,10.4369608,120.58930674551576
1731065821,55.3683181,10.4370543,120.99612063995072
1731065821,55.3683397,10.4371478,121.40393464909914
1731065822,55.3683614,10.4372413,121.8107485231107
1731065822,55.368383,10.4373348,122.21856251188052
1731065822,55.3684047,10.4374283,122.62537636550354
1731065822,55.3684263,10.4375218,123.03319033392968
1731065822,55.368448,10.4376153,123.44000416719905
1731065823,55.3684696,10.4377088,123.84681811531634
1731065823,55.3684913,10.4378023,124.25463192826695
1731065823,55.3685129,10.4378958,124.6614458561102
1731065823,55.3685346,10.4379893,125.06925964877698
1731065823,55.3685562,10.4380828,125.47607355638114
1731065824,55.3685779,10.4381763,125.88388732879895
1731065824,55.3685995,10.4382698,126.29070121619887
1731065824,55.3686212,10.4383634,126.69851479823886
1731065824,55.3686428,10.4384569,127.10532866546171
1731065824,55.3686428,10.4384569,127.10532866546171
1731065825,55.3686428,10.4384569,127.10532866546171
1731065825,55.3686428,10.4384569,127.10532866546171
1731065825,55.3686428,10.4384569,127.10532866546171
1731065825,55.3686428,10.4384569,127.10532866546171
1731065825,55.3686428,10.4384569,127.10532866546171
1731065826,55.3686428,10.4384569,127.10532866546171
1731065826,55.3686428,10.4384569,127.10532866546171
1731065826,55.3686428,10.4384569,127.10532866546171
1731065826,55.3686428,10.4384569,127.10532866546171
1731065826,55.3686428,10.4384569,127.10532866546171
1731065827,55.3686428,10.4384569,127.10532866546171
1731065827,55.3686428,10.4384569,127.10532866546171
1731065827,55.3686428,10.4384569,127.10532866546171
1731065827,55.3686428,10.4384569,127.10532866546171
1731065827,55.3686428,10.4384569,127.10532866546171
1731065828,55.3686428,10.4384569,127.10532866546171
1731065828,55.3686428,10.4384569,127.10532866546171
1731065828,55.3686428,10.4384569,127.10532866546171
1731065828,55.3686428,10.4384569,127.10532866546171
1731065828,55.3686428,10.4384569,127.10532866546171
1731065829,55.3686428,10.4384569,127.10532866546171
1731065829,55.3686428,10.4384569,127.10532866546171
1731065829,55.3686428,10.4384569,127.10532866546171
1731065829,55.3686428,10.4384569,127.10532866546171
1731065829,55.3686428,10.4384569,127.10532866546171
1731065830,55.3686428,10.4384569,127.10532866546171
1731065830,55.3686428,10.4384569,127.10532866546171
1731065830,55.3686428,10.4384569,127.10532866546171
1731065830,55.3686428,10.4384569,127.10532866546171
1731065830,55.3686428,10.4384569,127.10532866546171
1731065831,55.3686428,10.4384569,127.10532866546171
1731065831,55.3686428,10.4384569,127.10532866546171
1731065831,55.3686428,10.4384569,127.10532866546171
1731065831,55.3686428,10.4384569,127.10532866546171
1731065831,55.3686428,10.4384569,127.10532866546171
1731065832,55.3686428,10.4384569,127.10532866546171
1731065832,55.3686428,10.4384569,127.10532866546171
1731065832,55.3686428,10.4384569,127.10532866546171
1731065832,55.3686428,10.4384569,127.10532866546171
1731065832,55.3686428,10.4384569,127.10532866546171
1731065833,55.3686428,10.4384569,127.10532866546171
1731065833,55.3686428,10.4384569,127.10532866546171
1731065833,55.3686428,10.4384569,127.10532866546171
1731065833,55.3686428,10.4384569,127.10532866546171
1731065833,55.3686428,10.4384569,127.10532866546171
1731065834,55.3686428,10.4384569,127.10532866546171
1731065834,55.3686428,10.4384569,127.10532866546171
1731065834,55.3686428,10.4384569,127.10532866546171
1731065834,55.3686428,10.4384569,127.10532866546171
1731065834,55.3686428,10.4384569,127.10532866546171
1731065835,55.3686428,10.4384569,127.10532866546171
1731065835,55.3686428,10.4384569,127.10532866546171
1731065835,55.3686428,10.4384569,127.10532866546171
1731065835,55.3686428,10.4384569,127.10532866546171
1731065835,55.3686428,10.4384569,127.10532866546171
1731065836,55.3686428,10.4384569,127.10532866546171
1731065836,55.3686428,10.4384569,127.10532866546171
1731065836,55.3686428,10.4384569,127.10532866546171
1731065836,55.3686428,10.4384569,127.10532866546171
1731065836,55.3686428,10.4384569,127.10532866546171
1731065837,55.3686428,10.4384569,127.10532866546171
1731065837,55.3686428,10.4384569,127.10532866546171
1731065837,55.3686428,10.4384569,127.10532866546171
1731065837,55.3686428,10.4384569,127.10532866546171
1731065837,55.3686428,10.4384569,127.10532866546171
1731065838,55.3686428,10.4384569,127.10532866546171
1731065838,55.3686428,10.4384569,127.10532866546171
1731065838,55.3686428,10.4384569,127.10532866546171
1731065838,55.3686428,10.4384569,127.10532866546171
1731065838,55.3686428,10.4384569,127.10532866546171
1731065839,55.3686428,10.4384569,127.10532866546171
1731065839,55.3686428,10.4384569,127.10532866546171
1731065839,55.3686428,10.4384569,127.10532866546171
1731065839,55.3686428,10.4384569,127.10532866546171
1731065839,55.3686428,10.4384569,127.10532866546171
1731065840,55.3686428,10.4384569,127.10532866546171
1731065840,55.3686428,10.4384569,127.10532866546171
1731065840,55.3686428,10.4384569,127.10532866546171
1731065840,55.3686428,10.4384569,127.10532866546171
1731065840,55.3686428,10.4384569,127.10532866546171
1731065841,55.3686428,10.4384569,127.10532866546171
1731065841,55.3686428,10.4384569,127.10532866546171
1731065841,55.3686428,10.4384569,127.10532866546171
1731065841,55.3686428,10.4384569,127.10532866546171
1731065841,55.3686428,10.4384569,127.10532866546171
1731065842,55.3686428,10.4384569,127.10532866546171
1731065842,55.3686428,10.4384569,127.10532866546171
1731065842,55.3686428,10.4384569,127.10532866546171
1731065842,55.3686428,10.4384569,127.10532866546171
1731065842,55.3686428,10.4384569,127.10532866546171
1731065843,55.3686428,10.4384569,127.10532866546171
1731065843,55.3686428,10.4384569,127.10532866546171
1731065843,55.3686428,10.4384569,127.10532866546171
1731065843,55.3686428,10.4384569,127.10532866546171
1731065843,55.3686428,10.4384569,127.10532866546171
1731065844,55.3686428,10.4384569,127.10532866546171
1731065844,55.3686428,10.4384569,127.10532866546171
1731065844,55.3686428,10.4384569,127.10532866546171
1731065844,55.3686428,10.4384569,127.10532866546171
1731065844,55.3686428,10.4384569,127.10532866546171
1731065845,55.3686428,10.4384569,127.10532866546171
1731065845,55.3686428,10.4384569,127.10532866546171
1731065845,55.3686428,10.4384569,127.10532866546171
1731065845,55.3686428,10.4384569,127.10532866546171
1731065845,55.3686428,10.4384569,127.10532866546171
1731065846,55.3686428,10.4384569,127.10532866546171
1731065846,55.3686428,10.4384569,127.10532866546171
1731065846,55.3686428,10.4384569,127.10532866546171
1731065846,55.3686428,10.4384569,127.10532866546171
1731065846,55.3686428,10.4384569,127.10532866546171
1731065847,55.3686428,10.4384569,127.10532866546171
1731065847,55.3686428,10.4384569,127.10532866546171
1731065847,55.3686428,10.4384569,127.10532866546171
1731065847,55.3686428,10.4384569,127.10532866546171
1731065847,55.3686428,10.4384569,127.10532866546171
1731065848,55.3686428,10.4384569,127.10532866546171
1731065848,55.3686428,10.4384569,127.10532866546171
1731065848,55.3686428,10.4384569,127.10532866546171
1731065848,55.3686428,10.4384569,127.10532866546171
1731065848,55.3686428,10.4384569,127.10532866546171
1731065849,55.3686428,10.4384569,127.10532866546171
1731065849,55.3686428,10.4384569,127.10532866546171
1731065849,55.3688298,10.4281875,-492.40946782141026
1731065849,55.3688303,10.4281893,-492.31047149443776
1731065849,55.3688308,10.428191,-492.2124749980602
1731065850,55.3684809,10.429529,-299.3743060070176
1731065850,55.3679447,10.4304493,-65.50519828717665
1731065850,55.3678478,10.4305042,-26.1911707928476
1731065850,55.3678081,10.430513,-13.864136324744827
1731065850,55.3677684,10.4305752,2.76380760058543
1731065851,55.36774,10.4306218,16.209763914310308
1731065851,55.3677248,10.4306327,22.285764337304073
1731065851,55.3677148,10.4306337,26.39677507794094
1731065851,55.3677075,10.4306432,30.375768049028576
1731065851,55.3677041,10.4306432,34.24377227711352
1731065852,55.3677005,10.4306502,37.27976488551815
1731065852,55.3677004,10.4306322,34.400795528371894
1731065852,55.3677015,10.4306212,34.15181281056822
1731065852,55.3677012,10.4306122,31.84282844270841
1731065852,55.3676962,10.4306082,31.934841442035264
1731065853,55.3676949,10.4305991,31.339858487084626
1731065853,55.367693,10.4306002,32.988858984718775
1731065853,55.3676905,10.4306079,34.74784903852061
1731065853,55.3676893,10.4306157,37.879837306217134
1731065853,55.3676878,10.430615,37.638840358227604
1731065854,55.3676868,10.430623,40.307828038098656
1731065854,55.3676851,10.4306234,40.90082947379593
1731065854,55.3676822,10.4306195,42.17083969204197
1731065854,55.3676821,10.4306168,41.41284439408917
1731065854,55.3676866,10.4306093,40.96085151440461
1731065855,55.3676889,10.4306141,40.4408405163185
1731065855,55.3676897,10.4306161,41.0468361306503
1731065855,55.3676885,10.4306158,41.70783813144601
1731065855,55.3676839,10.4306247,42.13282876185098
1731065855,55.3676755,10.4306347,43.80682225215479
1731065856,55.36767,10.4306376,43.32182417406594
1731065856,55.3676702,10.4306371,43.8958247731144
1731065856,55.3676726,10.4306342,43.83482670577262
1731065856,55.3676746,10.4306284,44.41583405257888
1731065856,55.3676766,10.430631,43.30582715757475
1731065857,55.3676805,10.4306348,42.75881586546875
1731065857,55.367683,10.4306362,41.48181038321388
1731065857,55.3676828,10.4306358,40.650811310087896
1731065857,55.3676815,10.4306381,40.657809027010885
1731065857,55.3676769,10.4306431,40.22480626950884
1731065858,55.3676755,10.4306443,40.21780597574788
1731065858,55.3676745,10.4306478,41.224801285044556
1731065858,55.3676734,10.4306529,42.0677940059238
1731065858,55.3676703,10.4306506,42.63580176006571
1731065858,55.36767,10.4306533,43.12679755532769
1731065859,55.3676676,10.4306551,44.071797487639174
1731065859,55.3676683,10.430647,44.19981035052662
1731065859,55.36767,10.4306491,44.99280467628274
1731065859,55.3676703,10.4306524,45.20179870822719
1731065859,55.3676727,10.4306533,45.00279419812698
1731065860,55.3676749,10.4306539,45.09079044532458
1731065860,55.3676771,10.430647,45.6037994085133
1731065860,55.3676762,10.4306523,46.67179154162208
1731065860,55.3676685,10.4306593,50.102789247612996
1731065860,55.3676631,10.430664,53.56678799318765
1731065861,55.3676329,10.430733,67.08170855272687
1731065861,55.367615,10.4307885,76.63063670508762
1731065861,55.3676145,10.4308154,79.19259171625191
1731065861,55.367622,10.4308214,78.82357221843505
1731065861,55.3676186,10.4308349,82.28055355522878
1731065862,55.3676125,10.4308516,85.95653282274944
1731065862,55.3676189,10.4308558,86.65351774439156
1731065862,55.3676216,10.4308608,87.17750590952414
1731065862,55.3676221,10.4308685,88.39549223170003
1731065862,55.3676281,10.4308665,87.63548816308483
1731065863,55.3676314,10.4308641,87.53648812957849
1731065863,55.3676337,10.430863,87.32948713507595
1731065863,55.367641,10.4308572,86.33548789311884
1731065863,55.3676447,10.4308543,87.35148820988849
1731065863,55.3676493,10.4308543,86.51148249026514
1731065864,55.367651,10.4308563,86.46747698523917
1731065864,55.3676554,10.4308583,85.80646812293507
1731065864,55.3676588,10.4308583,86.46946389522986
1731065864,55.367662,10.430858,85.88846042485326
1731065864,55.3676667,10.4308576,85.56745525877281
1731065865,55.3676705,10.4308562,84.5484529073743
1731065865,55.3676738,10.4308549,83.70445100811118
1731065865,55.3676771,10.4308547,83.7294472436145
1731065865,55.36768,10.4308532,83.31844618080264
1731065865,55.3676835,10.4308534,82.17744148925655
1731065866,55.3676874,10.4308505,81.76344155667704
1731065866,55.3676908,10.4308461,81.05244478926843
1731065866,55.3676959,10.4308453,80.81643980342974
1731065866,55.3677,10.430844,80.18143690892167
1731065866,55.367703,10.4308442,79.91943283890201
1731065867,55.3677063,10.430844,80.18342907399949
1731065867,55.3677094,10.4308468,80.25542047087976
1731065867,55.3677122,10.4308488,80.3484135973189
1731065867,55.3677255,10.4308412,77.20240994285692
1731065867,55.3677388,10.4308332,73.86640696592441
1731065868,55.3677517,10.4308251,70.93740465536739
1731065868,55.367764,10.4308166,67.53240376871953
